{
  "baseline": {
    "overall": {
      "recall@1": 0.5374123148869836,
      "recall@5": 0.7911665367627948,
      "recall@10": 0.8756690049363469,
      "ndcg@10": 0.7864107222904999,
      "recall@1_ci": [
        0.5136658872434396,
        0.5607560405300083
      ],
      "recall@5_ci": [
        0.7721745908028055,
        0.8103143673681468
      ],
      "recall@10_ci": [
        0.8611977136918679,
        0.8907768251493894
      ],
      "ndcg@10_ci": [
        0.7705755871622461,
        0.803275379285388
      ]
    },
    "by_style": {
      "formal": {
        "recall@1": 0.5816905140434552,
        "recall@5": 0.8425013248542661,
        "recall@10": 0.919634340222576,
        "ndcg@10": 0.8428796247644221,
        "n": 629
      },
      "informal": {
        "recall@1": 0.49482670744138635,
        "recall@5": 0.7417940876656478,
        "recall@10": 0.8333843017329253,
        "ndcg@10": 0.7321004170059486,
        "n": 654
      }
    },
    "n_queries": 1283
  },
  "finetuned": {
    "overall": {
      "recall@1": 0.532216160041569,
      "recall@5": 0.7875422187581186,
      "recall@10": 0.867601974538841,
      "ndcg@10": 0.7804944091914541,
      "recall@1_ci": [
        0.5087685113016368,
        0.5547544816835543
      ],
      "recall@5_ci": [
        0.7693816575733954,
        0.8050922317485057
      ],
      "recall@10_ci": [
        0.8522733177448687,
        0.882060275396207
      ],
      "ndcg@10_ci": [
        0.7623706493823788,
        0.7952005653759953
      ]
    },
    "by_style": {
      "formal": {
        "recall@1": 0.5634075251722311,
        "recall@5": 0.8204557498675147,
        "recall@10": 0.8929782723900374,
        "ndcg@10": 0.8156892601734909,
        "n": 629
      },
      "informal": {
        "recall@1": 0.5022171253822629,
        "recall@5": 0.7558868501529052,
        "recall@10": 0.8431957186544345,
        "ndcg@10": 0.7466449271307485,
        "n": 654
      }
    },
    "n_queries": 1283
  },
  "delta": {
    "recall@1": -0.00519615484541458,
    "recall@5": -0.003624318004676219,
    "recall@10": -0.008067030397505892,
    "ndcg@10": -0.0059163130990458335
  }
}